{"cameraMode":{"drawMode":0,"name":"Shaded","section":"Shading Mode"},"sceneLighting":false,"audioPlay":false,"sceneViewState":{"m_AlwaysRefresh":false,"showFog":true,"showSkybox":false,"showFlares":true,"showImageEffects":true,"showParticleSystems":true,"showVisualEffectGraphs":true,"m_FxEnabled":false},"in2DMode":false,"pivot":{"x":2.1111204624176027,"y":3.972003221511841,"z":6.572058200836182},"rotation":{"x":0.005524780135601759,"y":-0.9848019480705261,"z":0.052235960960388187,"w":0.1656627058982849},"size":0.04724240303039551,"orthographic":false}