{"cameraMode":{"drawMode":0,"name":"Shaded","section":"Shading Mode"},"sceneLighting":false,"audioPlay":false,"sceneViewState":{"m_AlwaysRefresh":false,"showFog":true,"showSkybox":false,"showFlares":true,"showImageEffects":true,"showParticleSystems":true,"showVisualEffectGraphs":true,"m_FxEnabled":false},"in2DMode":false,"pivot":{"x":-0.09099999815225601,"y":2.4590001106262209,"z":-3.7730000019073488},"rotation":{"x":0.061818476766347888,"y":-0.9230989813804627,"z":0.18051272630691529,"w":0.3339434266090393},"size":0.08660248667001724,"orthographic":false}