{"cameraMode":{"drawMode":0,"name":"Shaded","section":"Shading Mode"},"sceneLighting":true,"audioPlay":false,"sceneViewState":{"m_AlwaysRefresh":true,"showFog":true,"showSkybox":true,"showFlares":true,"showImageEffects":true,"showParticleSystems":true,"showVisualEffectGraphs":true,"m_FxEnabled":true},"in2DMode":false,"pivot":{"x":-12.25026798248291,"y":3.5633246898651125,"z":-0.5298799872398377},"rotation":{"x":0.08796443790197373,"y":-0.5201577544212341,"z":0.05422043800354004,"w":0.847996711730957},"size":10.097031593322754,"orthographic":false}