{"cameraMode":{"drawMode":0,"name":"Shaded","section":"Shading Mode"},"sceneLighting":true,"audioPlay":false,"sceneViewState":{"m_AlwaysRefresh":true,"showFog":true,"showSkybox":true,"showFlares":true,"showImageEffects":true,"showParticleSystems":true,"showVisualEffectGraphs":true,"m_FxEnabled":true},"in2DMode":false,"pivot":{"x":-13.523958206176758,"y":-12.295024871826172,"z":-17.534347534179689},"rotation":{"x":0.0362425372004509,"y":-0.9144988059997559,"z":0.08388272672891617,"w":0.3942601978778839},"size":11.133978843688965,"orthographic":false}