{"cameraMode":{"drawMode":0,"name":"Shaded","section":"Shading Mode"},"sceneLighting":true,"audioPlay":false,"sceneViewState":{"m_AlwaysRefresh":true,"showFog":true,"showSkybox":true,"showFlares":true,"showImageEffects":true,"showParticleSystems":true,"showVisualEffectGraphs":true,"m_FxEnabled":true},"in2DMode":false,"pivot":{"x":7.152557373046875e-7,"y":5.000014305114746,"z":3.8133320808410646},"rotation":{"x":0.044987332075834277,"y":0.021260662004351617,"z":-0.0006905493210069835,"w":0.9989312291145325},"size":5.864442825317383,"orthographic":false}