{"cameraMode":{"drawMode":0,"name":"Shaded","section":"Shading Mode"},"sceneLighting":false,"audioPlay":false,"sceneViewState":{"m_AlwaysRefresh":false,"showFog":true,"showSkybox":false,"showFlares":true,"showImageEffects":true,"showParticleSystems":true,"showVisualEffectGraphs":true,"m_FxEnabled":true},"in2DMode":false,"pivot":{"x":1.9999215602874756,"y":5.149565696716309,"z":-0.014062110334634781},"rotation":{"x":-0.00872092042118311,"y":0.9880592823028565,"z":-0.05964526906609535,"w":-0.14239248633384705},"size":2.025350570678711,"orthographic":false}