{"cameraMode":{"drawMode":0,"name":"Shaded","section":"Shading Mode"},"sceneLighting":false,"audioPlay":false,"sceneViewState":{"m_AlwaysRefresh":true,"showFog":true,"showSkybox":false,"showFlares":true,"showImageEffects":true,"showParticleSystems":true,"showVisualEffectGraphs":true,"m_FxEnabled":true},"in2DMode":false,"pivot":{"x":-0.8248090744018555,"y":-0.007972240447998047,"z":-0.6139225959777832},"rotation":{"x":0.10029039531946182,"y":-0.6904181838035584,"z":0.09847573190927506,"w":0.7098240256309509},"size":6.849472522735596,"orthographic":false}