{"cameraMode":{"drawMode":0,"name":"Shaded","section":"Shading Mode"},"sceneLighting":false,"audioPlay":false,"sceneViewState":{"m_AlwaysRefresh":true,"showFog":true,"showSkybox":false,"showFlares":true,"showImageEffects":true,"showParticleSystems":true,"showVisualEffectGraphs":true,"m_FxEnabled":true},"in2DMode":false,"pivot":{"x":0.21186938881874085,"y":2.063479423522949,"z":-2.384185791015625e-7},"rotation":{"x":-0.4869161546230316,"y":0.005973834544420242,"z":-0.0032091098837554456,"w":-0.8735595345497131},"size":3.9561288356781008,"orthographic":false}