{"cameraMode":{"drawMode":0,"name":"Shaded","section":"Shading Mode"},"sceneLighting":false,"audioPlay":false,"sceneViewState":{"m_AlwaysRefresh":true,"showFog":true,"showSkybox":false,"showFlares":true,"showImageEffects":true,"showParticleSystems":true,"showVisualEffectGraphs":true,"m_FxEnabled":true},"in2DMode":false,"pivot":{"x":0.17137715220451356,"y":0.12619717419147492,"z":-0.10323606431484223},"rotation":{"x":0.03628413751721382,"y":0.5650709867477417,"z":-0.023991122841835023,"w":0.8240854740142822},"size":1.3889813423156739,"orthographic":false}