{"cameraMode":{"drawMode":0,"name":"Shaded","section":"Shading Mode"},"sceneLighting":false,"audioPlay":false,"sceneViewState":{"m_AlwaysRefresh":true,"showFog":true,"showSkybox":false,"showFlares":true,"showImageEffects":true,"showParticleSystems":true,"showVisualEffectGraphs":true,"m_FxEnabled":true},"in2DMode":false,"pivot":{"x":-0.168301522731781,"y":-0.971541166305542,"z":2.991340160369873},"rotation":{"x":-0.47629502415657046,"y":-0.019051793962717058,"z":0.010433325543999672,"w":-0.8791540265083313},"size":3.0929272174835207,"orthographic":false}