{"cameraMode":{"drawMode":0,"name":"Shaded","section":"Shading Mode"},"sceneLighting":false,"audioPlay":false,"sceneViewState":{"m_AlwaysRefresh":false,"showFog":true,"showSkybox":false,"showFlares":true,"showImageEffects":true,"showParticleSystems":true,"showVisualEffectGraphs":true,"m_FxEnabled":true},"in2DMode":false,"pivot":{"x":0.9998003244400024,"y":5.149570465087891,"z":-0.0140618234872818},"rotation":{"x":-0.00872092042118311,"y":0.9880592823028565,"z":-0.05964526906609535,"w":-0.14239248633384705},"size":1.0493618249893189,"orthographic":false}