{"cameraMode":{"drawMode":0,"name":"Shaded","section":"Shading Mode"},"sceneLighting":false,"audioPlay":false,"sceneViewState":{"m_AlwaysRefresh":false,"showFog":true,"showSkybox":false,"showFlares":true,"showImageEffects":true,"showParticleSystems":true,"showVisualEffectGraphs":true,"m_FxEnabled":true},"in2DMode":false,"pivot":{"x":0.9999972581863403,"y":4.261472702026367,"z":0.9999966621398926},"rotation":{"x":-0.10302646458148956,"y":-0.8889270424842835,"z":0.24637173116207124,"w":-0.3723006546497345},"size":1.4342097043991089,"orthographic":false}