{"cameraMode":{"drawMode":0,"name":"Shaded","section":"Shading Mode"},"sceneLighting":false,"audioPlay":false,"sceneViewState":{"m_AlwaysRefresh":true,"showFog":true,"showSkybox":false,"showFlares":true,"showImageEffects":true,"showParticleSystems":true,"showVisualEffectGraphs":true,"m_FxEnabled":true},"in2DMode":false,"pivot":{"x":0.027472496032714845,"y":-2.384185791015625e-7,"z":1.0189321041107178},"rotation":{"x":-0.006359931547194719,"y":0.8146791458129883,"z":-0.010203555226325989,"w":-0.5800580978393555},"size":7.3328094482421879,"orthographic":false}