{"cameraMode":{"drawMode":0,"name":"Shaded","section":"Shading Mode"},"sceneLighting":false,"audioPlay":false,"sceneViewState":{"m_AlwaysRefresh":true,"showFog":true,"showSkybox":false,"showFlares":true,"showImageEffects":true,"showParticleSystems":true,"showVisualEffectGraphs":true,"m_FxEnabled":true},"in2DMode":false,"pivot":{"x":-0.0009622573852539063,"y":0.3964395523071289,"z":0.5718530416488648},"rotation":{"x":-0.006359931547194719,"y":0.8146791458129883,"z":-0.010203555226325989,"w":-0.5800580978393555},"size":4.770294666290283,"orthographic":false}