{"cameraMode":{"drawMode":0,"name":"Shaded","section":"Shading Mode"},"sceneLighting":false,"audioPlay":false,"sceneViewState":{"m_AlwaysRefresh":true,"showFog":true,"showSkybox":false,"showFlares":true,"showImageEffects":true,"showParticleSystems":true,"showVisualEffectGraphs":true,"m_FxEnabled":true},"in2DMode":false,"pivot":{"x":-4.54991340637207,"y":-0.05337366461753845,"z":-0.41860079765319826},"rotation":{"x":-0.07146534323692322,"y":0.4264708459377289,"z":-0.034671325236558917,"w":-0.9011826515197754},"size":5.185260772705078,"orthographic":false}