{"cameraMode":{"drawMode":0,"name":"Shaded","section":"Shading Mode"},"sceneLighting":false,"audioPlay":false,"sceneViewState":{"m_AlwaysRefresh":true,"showFog":true,"showSkybox":false,"showFlares":true,"showImageEffects":true,"showParticleSystems":true,"showVisualEffectGraphs":true,"m_FxEnabled":true},"in2DMode":false,"pivot":{"x":0.7079308032989502,"y":1.3158771991729737,"z":0.17837552726268769},"rotation":{"x":0.21309788525104524,"y":-0.719179630279541,"z":0.2516574263572693,"w":0.6118183732032776},"size":1.108593463897705,"orthographic":false}