{"cameraMode":{"drawMode":0,"name":"Shaded","section":"Shading Mode"},"sceneLighting":false,"audioPlay":false,"sceneViewState":{"m_AlwaysRefresh":false,"showFog":true,"showSkybox":false,"showFlares":true,"showImageEffects":true,"showParticleSystems":true,"showVisualEffectGraphs":true,"m_FxEnabled":true},"in2DMode":false,"pivot":{"x":-1.933956503868103,"y":4.607135772705078,"z":1.8448549509048463},"rotation":{"x":-0.029962092638015748,"y":0.8438594937324524,"z":-0.047055721282958987,"w":-0.5337644815444946},"size":3.6181821823120119,"orthographic":false}