{"cameraMode":{"drawMode":0,"name":"Shaded","section":"Shading Mode"},"sceneLighting":false,"audioPlay":false,"sceneViewState":{"m_AlwaysRefresh":true,"showFog":true,"showSkybox":false,"showFlares":true,"showImageEffects":true,"showParticleSystems":true,"showVisualEffectGraphs":true,"m_FxEnabled":true},"in2DMode":false,"pivot":{"x":-0.09167922288179398,"y":-0.5947483777999878,"z":2.3232085704803469},"rotation":{"x":0.12081537395715714,"y":-0.08046957105398178,"z":0.009818010032176972,"w":0.9894566535949707},"size":1.7816102504730225,"orthographic":false}