{"cameraMode":{"drawMode":0,"name":"Shaded","section":"Shading Mode"},"sceneLighting":false,"audioPlay":false,"sceneViewState":{"m_AlwaysRefresh":true,"showFog":true,"showSkybox":false,"showFlares":true,"showImageEffects":true,"showParticleSystems":true,"showVisualEffectGraphs":true,"m_FxEnabled":true},"in2DMode":false,"pivot":{"x":1.0316919088363648,"y":0.0023906617425382139,"z":0.8496825695037842},"rotation":{"x":0.03404511511325836,"y":0.9081082940101624,"z":-0.07341684401035309,"w":0.4112228453159332},"size":1.0213146209716797,"orthographic":false}